timestamp,conversation_id,user_query,file_path,file_type,tool_name,tool_arguments,tool_response,final_response
2025-01-23T10:59:48.564507,20250123_105937,Classify the image for category identification,C:\Users\Ujjaval\AppData\Local\Temp\tmpfk3dc320.png,.png,analyze_multimodal_content,"{""file_path"": ""C:\\Users\\Ujjaval\\AppData\\Local\\Temp\\tmpfk3dc320.png""}","[{""tool_name"": ""analyze_multimodal_content"", ""arguments"": {""file_path"": ""C:\\Users\\Ujjaval\\AppData\\Local\\Temp\\tmpfk3dc320.png""}, ""result"": {""image_classification"": [{""label"": ""running shoe"", ""score"": 0.985064685344696}, {""label"": ""clog, geta, patten, sabot"", ""score"": 0.0019556188490241766}, {""label"": ""doormat, welcome mat"", ""score"": 0.0015788322780281305}, {""label"": ""sandal"", ""score"": 0.0014089139876887202}, {""label"": ""shoe shop, shoe-shop, shoe store"", ""score"": 0.0010703305015340447}]}}]","Based on the analysis of the image you provided, it has been classified with a high confidence as a ""running shoe."" This category was identified with a score of approximately 98.5%, which suggests that the image contains a running shoe with a very high likelihood. Other categories like ""clog,"" ""doormat,"" ""sandal,"" and ""shoe shop"" were considered as well, but their scores were significantly lower, meaning they are much less likely to describe the image accurately. So, the primary category for this image is definitely a running shoe."
2025-01-23T11:02:47.329944,20250123_110240,Classify the image for category identification,C:\Users\Ujjaval\AppData\Local\Temp\tmp9u3ia51a.png,.png,analyze_multimodal_content,"{""file_path"": ""C:\\Users\\Ujjaval\\AppData\\Local\\Temp\\tmp9u3ia51a.png""}","[{""tool_name"": ""analyze_multimodal_content"", ""arguments"": {""file_path"": ""C:\\Users\\Ujjaval\\AppData\\Local\\Temp\\tmp9u3ia51a.png""}, ""result"": {""image_classification"": [{""label"": ""running shoe"", ""score"": 0.999887228012085}, {""label"": ""shoe shop, shoe-shop, shoe store"", ""score"": 3.824013674602611e-06}, {""label"": ""sock"", ""score"": 2.7951825813943287e-06}, {""label"": ""Loafer"", ""score"": 1.3562096228270093e-06}, {""label"": ""sandal"", ""score"": 9.879373692456284e-07}]}}]","The image you've provided has been classified as a ""running shoe"" with very high confidence. The classification tool assigned a score of 0.9999 to this category, which indicates an almost certain identification. Other possible classifications like a ""shoe shop,"" ""sock,"" ""loafer,"" or ""sandal"" have scores that are extremely low in comparison, suggesting they are not appropriate for this image. So, in essence, the image is most definitely identified as a running shoe."
2025-01-23T11:23:14.911714,20250123_112305,classify image  for defect detection,C:\Users\Ujjaval\AppData\Local\Temp\tmpkjh40w8e.jpg,.jpg,analyze_multimodal_content,"{""file_path"": ""C:\\Users\\Ujjaval\\AppData\\Local\\Temp\\tmpkjh40w8e.jpg""}","[{""tool_name"": ""analyze_multimodal_content"", ""arguments"": {""file_path"": ""C:\\Users\\Ujjaval\\AppData\\Local\\Temp\\tmpkjh40w8e.jpg""}, ""result"": {""image_classification"": [{""label"": ""oil filter"", ""score"": 0.5572755336761475}, {""label"": ""stove"", ""score"": 0.12544673681259155}, {""label"": ""coil, spiral, volute, whorl, helix"", ""score"": 0.07709091156721115}, {""label"": ""buckle"", ""score"": 0.049122825264930725}, {""label"": ""loupe, jeweler's loupe"", ""score"": 0.02036256343126297}]}}]","It looks like the image you provided was analyzed for defect detection, and the tool gave some insights on what it appears to contain. The analysis suggests that thereâ€™s a relatively higher probability of the image being classified as an ""oil filter,"" with a confidence score of about 56%. Other possible classifications were much less likely, including items like a ""stove"" or ""coil,"" but their scores were significantly lower.

If you're specifically looking to do defect detection on oil filters, this initial classification could help focus your inspection process on this object type, given its higher likelihood according to the tool. For other items like a stove or coil, the confidence is quite low, so it's less likely that they are the primary objects in the image unless you have additional context that suggests otherwise."
2025-01-23T11:42:46.122755,20250123_114237,Analyse this image in detail for defect detection,C:\Users\Ujjaval\AppData\Local\Temp\tmp2evznpss.jpg,.jpg,process_with_gemini,"{""prompt"": ""Analyze the image for any defects or anomalies"", ""file_path"": ""C:\\Users\\Ujjaval\\AppData\\Local\\Temp\\tmp2evznpss.jpg"", ""file_type"": ""image""}","[{""tool_name"": ""process_with_gemini"", ""arguments"": {""prompt"": ""Analyze the image for any defects or anomalies"", ""file_path"": ""C:\\Users\\Ujjaval\\AppData\\Local\\Temp\\tmp2evznpss.jpg"", ""file_type"": ""image""}, ""result"": ""The image shows a significant crack in a metal gear.  The crack is thin but visible, running across a substantial portion of the gear tooth.  This is a serious defect that compromises the structural integrity of the gear.  The crack likely indicates fatigue or impact damage and could lead to catastrophic failure if left unaddressed.  The gear should be inspected thoroughly and likely replaced.\n""}]","The analysis of the image indicates a significant defect in the form of a crack in a metal gear. The crack is thin but extends across a large part of one of the gear's teeth, which is cause for concern. This kind of defect suggests that the gear has likely experienced fatigue or impact damage. The presence of such a crack is serious because it compromises the gear's structural integrity and can lead to failure if not addressed. In light of these findings, it would be wise to conduct a thorough inspection of the gear and consider replacing it to prevent any potential issues."
2025-01-23T12:38:50.751410,20250123_123839,classify all the product in image,C:\Users\Ujjaval\AppData\Local\Temp\tmpk7yewsf2.jpg,.jpg,analyze_multimodal_content,"{""file_path"": ""C:\\Users\\Ujjaval\\AppData\\Local\\Temp\\tmpk7yewsf2.jpg""}","[{""tool_name"": ""analyze_multimodal_content"", ""arguments"": {""file_path"": ""C:\\Users\\Ujjaval\\AppData\\Local\\Temp\\tmpk7yewsf2.jpg""}, ""result"": {""image_classification"": [{""label"": ""backpack, back pack, knapsack, packsack, rucksack, haversack"", ""score"": 0.35307222604751587}, {""label"": ""ballpoint, ballpoint pen, ballpen, Biro"", ""score"": 0.23865580558776855}, {""label"": ""mailbag, postbag"", ""score"": 0.08447021245956421}, {""label"": ""reflex camera"", ""score"": 0.03162505105137825}, {""label"": ""water bottle"", ""score"": 0.019911300390958786}]}}]","The image you provided was analyzed, and here's what was observed in terms of product classification:

1. **Backpack**: The most prominent item in the image appears to be a backpack, also known as a knapsack or rucksack. This was identified with a reasonable level of confidence.

2. **Ballpoint Pen**: Another item detected in the image is a ballpoint pen. This was the second most likely item, although with less certainty than the backpack.

3. **Mailbag**: There is also a possibility of a mailbag being present, but the confidence in this classification is quite low.

4. **Reflex Camera**: A reflex camera might be in the image, but this was identified with even less confidence.

5. **Water Bottle**: Lastly, a water bottle was recognized, but this was the least certain classification.

So, based on the tool's analysis, the most likely products in the image are a backpack and a ballpoint pen, with other items like a mailbag, camera, and water bottle being less certain possibilities."
2025-01-23T12:45:47.652903,20250123_124532,"Analyze sentiment: 'The service was excellent but delivery took longer than expected.'
",,,analyze_sentiment,"{""text"": ""The service was excellent but delivery took longer than expected.""}","[{""tool_name"": ""analyze_sentiment"", ""arguments"": {""text"": ""The service was excellent but delivery took longer than expected.""}, ""result"": {""sentiment_score"": 1, ""sentiment_label"": ""Positive""}}]","Based on the analysis, the sentiment for the statement ""The service was excellent but delivery took longer than expected"" is classified as positive. The sentiment score of 1 suggests that overall, the positive aspect of the excellent service outweighs the negative part regarding the delivery delay. This means the good service left a stronger impression, so despite the slow delivery, the overall feeling expressed is favorable."
